subject	A_1	A_2	B_1	B_2	C_1	C_2	DPB1_1	DPB1_2	DQA1_1	DQA1_2	DQB1_1	DQB1_2	DRB1_1	DRB1_2
Data2Cohort_P01_S1	A*18:75	A*02:70	B*13:85	B*02:76	C*06:44	C*06:44	DPB1*15:78	DPB1*03:17	DQA1*20:89	DQA1*12:59	DQB1*02:92	DQB1*18:44	DRB1*10:26	DRB1*04:58
Data2Cohort_P02_S1	A*05:16	A*09:81	B*08:04	B*11:14	C*08:23	C*08:23	DPB1*13:81	DPB1*05:61	DQA1*04:46	DQA1*20:89	DQB1*04:35	DQB1*04:35	DRB1*05:37	DRB1*09:27
Data2Cohort_P03_S1	A*05:16	A*17:46	B*11:14	B*11:14	C*13:12	C*08:23	DPB1*13:81	DPB1*02:94	DQA1*19:32	DQA1*05:50	DQB1*08:74	DQB1*18:44	DRB1*01:28	DRB1*01:28
Data2Cohort_P04_S1	A*05:16	A*02:70	B*11:14	B*15:93	C*13:12	C*08:23	DPB1*05:61	DPB1*03:17	DQA1*19:32	DQA1*05:50	DQB1*02:92	DQB1*05:96	DRB1*10:26	DRB1*17:11
Data2Cohort_P05_S1	A*18:75	A*17:46	B*15:93	B*08:04	C*11:82	C*07:94	DPB1*03:17	DPB1*04:87	DQA1*20:89	DQA1*12:59	DQB1*05:96	DQB1*11:40	DRB1*04:58	DRB1*10:26
Data2Cohort_P06_S1	A*17:46	A*17:46	B*10:61	B*13:85	C*11:82	C*07:94	DPB1*13:81	DPB1*05:61	DQA1*05:50	DQA1*19:32	DQB1*18:44	DQB1*04:35	DRB1*04:58	DRB1*01:28
Data2Cohort_P07_S1	A*09:81	A*18:75	B*13:85	B*13:85	C*07:94	C*11:82	DPB1*04:87	DPB1*15:78	DQA1*05:50	DQA1*12:59	DQB1*02:92	DQB1*11:40	DRB1*09:27	DRB1*05:37
Data2Cohort_P08_S1	A*05:16	A*05:16	B*02:76	B*15:93	C*13:12	C*11:82	DPB1*13:81	DPB1*02:94	DQA1*04:46	DQA1*19:32	DQB1*04:35	DQB1*02:92	DRB1*10:26	DRB1*17:11
Data2Cohort_P09_S1	A*05:16	A*02:70	B*08:04	B*02:76	C*11:82	C*15:75	DPB1*15:78	DPB1*15:78	DQA1*11:06	DQA1*05:50	DQB1*04:35	DQB1*02:92	DRB1*04:58	DRB1*17:11
Data2Cohort_P10_S1	A*18:75	A*18:75	B*11:14	B*11:14	C*15:75	C*06:44	DPB1*03:17	DPB1*03:17	DQA1*11:06	DQA1*12:59	DQB1*02:92	DQB1*05:96	DRB1*04:58	DRB1*01:28
Data2Cohort_P11_S1	A*05:16	A*17:46	B*08:04	B*02:76	C*06:44	C*15:75	DPB1*03:17	DPB1*02:94	DQA1*20:89	DQA1*19:32	DQB1*08:74	DQB1*04:35	DRB1*10:26	DRB1*09:27
Data2Cohort_P12_S1	A*18:75	A*20:71	B*08:04	B*13:85	C*08:23	C*11:82	DPB1*04:87	DPB1*05:61	DQA1*20:89	DQA1*19:32	DQB1*02:92	DQB1*18:44	DRB1*10:26	DRB1*04:58
